game,word,won,wrong_guesses,repeated_guesses,word_length
1,untransacted,False,6,0,12
2,hurdis,False,6,0,6
3,popshop,False,6,0,7
4,roquelaure,False,6,0,10
5,bavian,False,6,0,6
6,chili,False,6,0,5
7,indices,False,6,0,7
8,bandboxical,False,6,0,11
9,uncapably,False,6,0,9
10,uncuffed,False,6,0,8
11,suggestibly,False,6,0,11
12,submedian,False,6,0,9
13,underchancellor,False,6,0,15
14,cumbu,False,6,0,5
15,trapping,False,6,0,8
16,leanness,False,6,0,8
17,orakzai,False,6,0,7
18,expellee,False,6,0,8
19,pronunciative,False,6,0,13
20,utriculoplastic,False,6,0,15
21,unvoyaging,False,6,0,10
22,arctogaeal,False,6,0,10
23,squabbed,False,6,0,8
24,barehanded,False,6,0,10
25,disglorify,False,6,0,10
26,ermani,False,6,0,6
27,manumission,False,6,0,11
28,toxicological,False,6,0,13
29,linet,False,6,0,5
30,unquit,False,6,0,6
31,stanley,False,6,0,7
32,antitype,False,6,0,8
33,counterirritate,False,6,0,15
34,apollonia,False,6,0,9
35,semioxidated,False,6,0,12
36,astrocaryum,False,6,0,11
37,unmountainous,False,6,0,13
38,anthelion,False,6,0,9
39,olympicness,False,6,0,11
40,plaitless,False,6,0,9
41,untruck,False,6,0,7
42,seronegative,False,6,0,12
43,bichromate,False,6,0,10
44,neuropsychological,False,6,0,18
45,ipseity,False,6,0,7
46,pixilated,False,6,0,9
47,tyronism,False,6,0,8
48,overchidden,False,6,0,11
49,reservor,False,6,0,8
50,newslessness,False,6,0,12
51,cyanoacetate,False,6,0,12
52,tibet,False,6,0,5
53,oratory,False,6,0,7
54,sufferableness,False,6,0,14
55,coimplicant,False,6,0,11
56,coumarate,False,6,0,9
57,underlife,False,6,0,9
58,prediscoverer,False,6,0,13
59,entosphere,False,6,0,10
60,nebularization,False,6,0,14
61,mayfowl,False,6,0,7
62,tolstoyist,False,6,0,10
63,rerise,False,6,0,6
64,larithmics,False,6,0,10
65,northupite,False,6,0,10
66,disroof,False,6,0,7
67,porencephalon,False,6,0,13
68,orakzai,False,6,0,7
69,bemole,False,6,0,6
70,sulfarsenite,False,6,0,12
71,undernatural,False,6,0,12
72,bleakly,False,6,0,7
73,rondeau,False,6,0,7
74,cannibality,False,6,0,11
75,anthelion,False,6,0,9
76,rhythmless,False,6,0,10
77,pothook,False,6,0,7
78,platypodia,False,6,0,10
79,gitoxin,False,6,0,7
80,tubik,False,6,0,5
81,ipsilateral,False,6,0,11
82,banderole,False,6,0,9
83,nutritional,False,6,0,11
84,cordeliere,False,6,0,10
85,sclerification,False,6,0,14
86,anchises,False,6,0,8
87,unilabiate,False,6,0,10
88,cingular,False,6,0,8
89,dressmakery,False,6,0,11
90,barrow,False,6,0,6
91,cephalanthous,False,6,0,13
92,backcourt,False,6,0,9
93,reproductive,False,6,0,12
94,copter,False,6,0,6
95,sabazianism,False,6,0,11
96,archeion,False,6,0,8
97,glossotherium,False,6,0,13
98,continuingly,False,6,0,12
99,uncaptained,False,6,0,11
100,pretervection,False,6,0,13
101,spitted,False,6,0,7
102,dactylioglyphtic,False,6,0,16
103,polycormic,False,6,0,10
104,ectoblast,False,6,0,9
105,spotting,False,6,0,8
106,unpricked,False,6,0,9
107,reassessment,False,6,0,12
108,burfish,False,6,0,7
109,ironsided,False,6,0,9
110,ornithogaea,False,6,0,11
111,juxtatropical,False,6,0,13
112,semology,False,6,0,8
113,notewise,False,6,0,8
114,diamondwise,False,6,0,11
115,nictitation,False,6,0,11
116,pettedness,False,6,0,10
117,periconchitis,False,6,0,13
118,reticello,False,6,0,9
119,prolongably,False,6,0,11
120,danielle,False,6,0,8
121,thoughtlessly,False,6,0,13
122,bronchiectatic,False,6,0,14
123,disestimation,False,6,0,13
124,fifteenfold,False,6,0,11
125,inobnoxious,False,6,0,11
126,cholecystenterorrhaphy,False,6,0,22
127,pecky,False,6,0,5
128,roughness,False,6,0,9
129,nitrolime,False,6,0,9
130,nemertini,False,6,0,9
131,ovarin,False,6,0,6
132,stakemaster,False,6,0,11
133,unfastidiously,False,6,0,14
134,janet,False,6,0,5
135,pinacoceras,False,6,0,11
136,umbrosity,False,6,0,9
137,anathematization,False,6,0,16
138,cozily,False,6,0,6
139,pewmate,False,6,0,7
140,liquorless,False,6,0,10
141,corps,False,6,0,5
142,nongremial,False,6,0,10
143,autoallogamy,False,6,0,12
144,figshell,False,6,0,8
145,tipsy,False,6,0,5
146,cheka,False,6,0,5
147,zonary,False,6,0,6
148,aberration,False,6,0,10
149,coumarate,False,6,0,9
150,ismal,False,6,0,5
151,untrickable,False,6,0,11
152,graphis,False,6,0,7
153,unilabiate,False,6,0,10
154,rawhead,False,6,0,7
155,confervaceous,False,6,0,13
156,equational,False,6,0,10
157,gruelly,False,6,0,7
158,needleful,False,6,0,9
159,nonpromulgation,False,6,0,15
160,amueixa,False,6,0,7
161,timekeepership,False,6,0,14
162,unciliated,False,6,0,10
163,birminghamize,False,6,0,13
164,gup,False,6,0,3
165,superciliousness,False,6,0,16
166,polyclona,False,6,0,9
167,bushy,False,6,0,5
168,mugwumpism,False,6,0,10
169,typeset,False,6,0,7
170,darn,False,6,0,4
171,cacodaemonial,False,6,0,13
172,glossographer,False,6,0,13
173,beruffed,False,6,0,8
174,gasogenic,False,6,0,9
175,pampootee,False,6,0,9
176,underaverage,False,6,0,12
177,luxemburgian,False,6,0,12
178,pronunciative,False,6,0,13
179,cannibality,False,6,0,11
180,electrotitration,False,6,0,16
181,squark,False,6,0,6
182,nereid,False,6,0,6
183,submissively,False,6,0,12
184,delightingly,False,6,0,12
185,benzalacetone,False,6,0,13
186,linet,False,6,0,5
187,monogenist,False,6,0,10
188,harmlessly,False,6,0,10
189,schistosoma,False,6,0,11
190,retransformation,False,6,0,16
191,ichthyophobia,False,6,0,13
192,antiscale,False,6,0,9
193,marguerite,False,6,0,10
194,catarrhal,False,6,0,9
195,carbuncle,False,6,0,9
196,hadbot,False,6,0,6
197,northeaster,False,6,0,11
198,undertide,False,6,0,9
199,thokish,False,6,0,7
200,paulinia,False,6,0,8
201,orthodomatic,False,6,0,12
202,lipoferous,False,6,0,10
203,cyrtopia,False,6,0,8
204,pseudoaristocratic,False,6,0,18
205,overfed,False,6,0,7
206,disintegration,False,6,0,14
207,greengrocery,False,6,0,12
208,shucking,False,6,0,8
209,nonsanctification,False,6,0,17
210,multipersonal,False,6,0,13
211,rebegin,False,6,0,7
212,mahdist,False,6,0,7
213,evangelization,False,6,0,14
214,wineglassful,False,6,0,12
215,requiter,False,6,0,8
216,periorbit,False,6,0,9
217,unciliated,False,6,0,10
218,mask,False,6,0,4
219,cathartolinum,False,6,0,13
220,uncrystaled,False,6,0,11
221,darn,False,6,0,4
222,gamogenetical,False,6,0,13
223,unhesitatingly,False,6,0,14
224,heatlike,False,6,0,8
225,flaxseed,False,6,0,8
226,anaspidacea,False,6,0,11
227,underdot,False,6,0,8
228,istiophorid,False,6,0,11
229,megalopic,False,6,0,9
230,accumulation,False,6,0,12
231,ciliotomy,False,6,0,9
232,peonage,False,6,0,7
233,mayfowl,False,6,0,7
234,pettedness,False,6,0,10
235,periorbit,False,6,0,9
236,molassy,False,6,0,7
237,periodicalist,False,6,0,13
238,chevrotain,False,6,0,10
239,hurryproof,False,6,0,10
240,jinni,False,6,0,5
241,subdeanery,False,6,0,10
242,underwent,False,6,0,9
243,simulant,False,6,0,8
244,mnemonist,False,6,0,9
245,oncosphere,False,6,0,10
246,caconym,False,6,0,7
247,desmarestiaceous,False,6,0,16
248,tamanowus,False,6,0,9
249,reticello,False,6,0,9
250,johnin,False,6,0,6
251,pretexted,False,6,0,9
252,annotatory,False,6,0,10
253,translucence,False,6,0,12
254,uninterrogated,False,6,0,14
255,homolysin,False,6,0,9
256,antephialtic,False,6,0,12
257,synodus,False,6,0,7
258,fathomlessness,False,6,0,14
259,ceratospongian,False,6,0,14
260,infinitarily,False,6,0,12
261,cherishing,False,6,0,10
262,oratory,False,6,0,7
263,unciliated,False,6,0,10
264,rebuffably,False,6,0,10
265,therapist,False,6,0,9
266,dinghee,False,6,0,7
267,unmountainous,False,6,0,13
268,gastrostenosis,False,6,0,14
269,vasoreflex,False,6,0,10
270,anaspidacea,False,6,0,11
271,hystricine,False,6,0,10
272,phenanthroline,False,6,0,14
273,jacobitic,False,6,0,9
274,concurso,False,6,0,8
275,acicularly,False,6,0,10
276,morganatic,False,6,0,10
277,structural,False,6,0,10
278,amblyomma,False,6,0,9
279,doorweed,False,6,0,8
280,sanction,False,6,0,8
281,osteogenesis,False,6,0,12
282,cogging,False,6,0,7
283,proletarianism,False,6,0,14
284,calicut,False,6,0,7
285,underbutler,False,6,0,11
286,overboldly,False,6,0,10
287,pauropodous,False,6,0,11
288,therapist,False,6,0,9
289,unperfectly,False,6,0,11
290,meridionality,False,6,0,13
291,jynginae,False,6,0,8
292,leveret,False,6,0,7
293,hornily,False,6,0,7
294,mungy,False,6,0,5
295,shivaism,False,6,0,8
296,nonextraneous,False,6,0,13
297,haloa,False,6,0,5
298,compassivity,False,6,0,12
299,pirrmaw,False,6,0,7
300,rotaman,False,6,0,7
301,affinitatively,False,6,0,14
302,consultation,False,6,0,12
303,fast,False,6,0,4
304,ornithoptera,False,6,0,12
305,amphichrom,False,6,0,10
306,plumelike,False,6,0,9
307,ichthyophobia,False,6,0,13
308,hulu,False,6,0,4
309,skeletin,False,6,0,8
310,popadam,False,6,0,7
311,exercitorial,False,6,0,12
312,pampootee,False,6,0,9
313,gastrostenosis,False,6,0,14
314,reproachingly,False,6,0,13
315,unfluted,False,6,0,8
316,poulard,False,6,0,7
317,isandrous,False,6,0,9
318,mortalness,False,6,0,10
319,groset,False,6,0,6
320,visitation,False,6,0,10
321,wrasse,False,6,0,6
322,visitation,False,6,0,10
323,delft,False,6,0,5
324,geniture,False,6,0,8
325,dipody,False,6,0,6
326,vives,False,6,0,5
327,unsharedness,False,6,0,12
328,underchancellor,False,6,0,15
329,exaggerated,False,6,0,11
330,microscopic,False,6,0,11
331,asperges,False,6,0,8
332,byrlawman,False,6,0,9
333,unbag,False,6,0,5
334,determinator,False,6,0,12
335,applicant,False,6,0,9
336,classified,False,6,0,10
337,toxicological,False,6,0,13
338,vasoreflex,False,6,0,10
339,unfeatured,False,6,0,10
340,zafree,False,6,0,6
341,serpulid,False,6,0,8
342,shoother,False,6,0,8
343,apopetalous,False,6,0,11
344,bloodshedding,False,6,0,13
345,pacificator,False,6,0,11
346,equational,False,6,0,10
347,dynagraph,False,6,0,9
348,heiresshood,False,6,0,11
349,reaggregation,False,6,0,13
350,pretexted,False,6,0,9
351,circumumbilical,False,6,0,15
352,anaspidacea,False,6,0,11
353,harshweed,False,6,0,9
354,amalgamate,False,6,0,10
355,cornic,False,6,0,6
356,manipular,False,6,0,9
357,guttering,False,6,0,9
358,popadam,False,6,0,7
359,scientician,False,6,0,11
360,sentition,False,6,0,9
361,sekani,False,6,0,6
362,wisecrack,False,6,0,9
363,catoptrically,False,6,0,13
364,unwetted,False,6,0,8
365,ferocity,False,6,0,8
366,capreolate,False,6,0,10
367,vaporiferous,False,6,0,12
368,bardesanist,False,6,0,11
369,overharsh,False,6,0,9
370,cadet,False,6,0,5
371,squabbed,False,6,0,8
372,rearrange,False,6,0,9
373,resinophore,False,6,0,11
374,waterboard,False,6,0,10
375,wakamba,False,6,0,7
376,unhesitatingly,False,6,0,14
377,sibilatingly,False,6,0,12
378,selvagee,False,6,0,8
379,tumtum,False,6,0,6
380,italican,False,6,0,8
381,mejorana,False,6,0,8
382,always,False,6,0,6
383,pavilion,False,6,0,8
384,melica,False,6,0,6
385,stickadore,False,6,0,10
386,bedlar,False,6,0,6
387,micropterus,False,6,0,11
388,epirotulian,False,6,0,11
389,quadrumanal,False,6,0,11
390,marcellian,False,6,0,10
391,reapproach,False,6,0,10
392,percurrent,False,6,0,10
393,overslavish,False,6,0,11
394,exoenzyme,False,6,0,9
395,cyrtopia,False,6,0,8
396,propertied,False,6,0,10
397,communicableness,False,6,0,16
398,alfilerillo,False,6,0,11
399,forejudge,False,6,0,9
400,indices,False,6,0,7
401,rheumaticky,False,6,0,11
402,dulcet,False,6,0,6
403,amiidae,False,6,0,7
404,retool,False,6,0,6
405,demosthenic,False,6,0,11
406,suborganic,False,6,0,10
407,regulus,False,6,0,7
408,copter,False,6,0,6
409,stenchful,False,6,0,9
410,unbowing,False,6,0,8
411,uncensuring,False,6,0,11
412,borstall,False,6,0,8
413,postconvalescent,False,6,0,16
414,awakening,False,6,0,9
415,epithalamion,False,6,0,12
416,thlingchadinne,False,6,0,14
417,contemnibly,False,6,0,11
418,platinocyanic,False,6,0,13
419,vorticose,False,6,0,9
420,pecky,False,6,0,5
421,necessity,False,6,0,9
422,clogdogdo,False,6,0,9
423,propliopithecus,False,6,0,15
424,chivalrousness,False,6,0,14
425,yucateco,False,6,0,8
426,laccolith,False,6,0,9
427,orakzai,False,6,0,7
428,verderership,False,6,0,12
429,reaward,False,6,0,7
430,curstful,False,6,0,8
431,bar,False,6,0,3
432,penitencer,False,6,0,10
433,mungy,False,6,0,5
434,fucate,False,6,0,6
435,stichometric,False,6,0,12
436,advocatory,False,6,0,10
437,choletherapy,False,6,0,12
438,consultation,False,6,0,12
439,fishyard,False,6,0,8
440,philopatrian,False,6,0,12
441,cabob,False,6,0,5
442,zafree,False,6,0,6
443,advocatory,False,6,0,10
444,unembarrassment,False,6,0,15
445,camerina,False,6,0,8
446,uncasketed,False,6,0,10
447,bastardism,False,6,0,10
448,derived,False,6,0,7
449,battik,False,6,0,6
450,intracity,False,6,0,9
451,aedilian,False,6,0,8
452,hawaiite,False,6,0,8
453,batino,False,6,0,6
454,recreationist,False,6,0,13
455,royalism,False,6,0,8
456,trinucleate,False,6,0,11
457,theologicopolitical,False,6,0,19
458,unpredestinated,False,6,0,15
459,phototropism,False,6,0,12
460,subinform,False,6,0,9
461,overharsh,False,6,0,9
462,kaid,False,6,0,4
463,derah,False,6,0,5
464,proseuche,False,6,0,9
465,oneism,False,6,0,6
466,notewise,False,6,0,8
467,desiccant,False,6,0,9
468,turbot,False,6,0,6
469,cuke,False,6,0,4
470,jahvist,False,6,0,7
471,enflagellation,False,6,0,14
472,genesiology,False,6,0,11
473,yaguaza,False,6,0,7
474,suborganic,False,6,0,10
475,calmierer,False,6,0,9
476,unnumerical,False,6,0,11
477,lakemanship,False,6,0,11
478,untrickable,False,6,0,11
479,predeterminative,False,6,0,16
480,parallelotropism,False,6,0,16
481,charruas,False,6,0,8
482,moxieberry,False,6,0,10
483,amiidae,False,6,0,7
484,unghostlike,False,6,0,11
485,trolly,False,6,0,6
486,pixilated,False,6,0,9
487,intersociety,False,6,0,12
488,uncaptained,False,6,0,11
489,apogon,False,6,0,6
490,pelotherapy,False,6,0,11
491,glycolyl,False,6,0,8
492,waterboard,False,6,0,10
493,veratrinize,False,6,0,11
494,despotic,False,6,0,8
495,catechesis,False,6,0,10
496,burnishable,False,6,0,11
497,sexivalence,False,6,0,11
498,anneslia,False,6,0,8
499,stanley,False,6,0,7
500,cordeliere,False,6,0,10
501,phototropism,False,6,0,12
502,anguinidae,False,6,0,10
503,theron,False,6,0,6
504,scraggling,False,6,0,10
505,corporator,False,6,0,10
506,sarmatier,False,6,0,9
507,instantaneously,False,6,0,15
508,disinsulation,False,6,0,13
509,cannibality,False,6,0,11
510,sexivalence,False,6,0,11
511,interdrink,False,6,0,10
512,ectocuniform,False,6,0,12
513,altruism,False,6,0,8
514,geniolatry,False,6,0,10
515,vorticose,False,6,0,9
516,trochoidally,False,6,0,12
517,splenatrophy,False,6,0,12
518,proseuche,False,6,0,9
519,ophiolite,False,6,0,9
520,underbear,False,6,0,9
521,macbeth,False,6,0,7
522,persuaded,False,6,0,9
523,organographic,False,6,0,13
524,flightily,False,6,0,9
525,equilibrium,False,6,0,11
526,unconcertedness,False,6,0,15
527,nonparasitic,False,6,0,12
528,obvolve,False,6,0,7
529,intervisit,False,6,0,10
530,proteaceous,False,6,0,11
531,oculinidae,False,6,0,10
532,sleechy,False,6,0,7
533,amaga,False,6,0,5
534,illegitimacy,False,6,0,12
535,viosterol,False,6,0,9
536,serpulid,False,6,0,8
537,cressed,False,6,0,7
538,engrossingly,False,6,0,12
539,centralist,False,6,0,10
540,nereid,False,6,0,6
541,saccharocolloid,False,6,0,15
542,flong,False,6,0,5
543,shucking,False,6,0,8
544,isandrous,False,6,0,9
545,evangelization,False,6,0,14
546,guanidopropionic,False,6,0,16
547,tonelessly,False,6,0,10
548,gemmiferous,False,6,0,11
549,unrubbish,False,6,0,9
550,scraggling,False,6,0,10
551,unapplied,False,6,0,9
552,northeaster,False,6,0,11
553,cogging,False,6,0,7
554,caumatic,False,6,0,8
555,biguttate,False,6,0,9
556,almemar,False,6,0,7
557,superciliousness,False,6,0,16
558,raash,False,6,0,5
559,proximal,False,6,0,8
560,unapart,False,6,0,7
561,curstful,False,6,0,8
562,stupe,False,6,0,5
563,spiraculum,False,6,0,10
564,recurse,False,6,0,7
565,delightingly,False,6,0,12
566,enlodge,False,6,0,7
567,repugner,False,6,0,8
568,unnumerical,False,6,0,11
569,tragicose,False,6,0,9
570,outraging,False,6,0,9
571,wondrousness,False,6,0,12
572,lipa,False,6,0,4
573,vasoreflex,False,6,0,10
574,homolysin,False,6,0,9
575,vives,False,6,0,5
576,trismic,False,6,0,7
577,eburna,False,6,0,6
578,foredeserved,False,6,0,12
579,interrupted,False,6,0,11
580,khvat,False,6,0,5
581,troveless,False,6,0,9
582,succedaneous,False,6,0,12
583,ornithoptera,False,6,0,12
584,corejoice,False,6,0,9
585,hyporadiolus,False,6,0,12
586,atrichosis,False,6,0,10
587,jynginae,False,6,0,8
588,heterosporic,False,6,0,12
589,shall,False,6,0,5
590,micropterus,False,6,0,11
591,usnic,False,6,0,5
592,harmlessly,False,6,0,10
593,dissatisfy,False,6,0,10
594,costophrenic,False,6,0,12
595,sender,False,6,0,6
596,burgall,False,6,0,7
597,undernatural,False,6,0,12
598,platinocyanic,False,6,0,13
599,ectocuniform,False,6,0,12
600,frivolity,False,6,0,9
601,faunally,False,6,0,8
602,sokoki,True,3,0,6
603,adnephrine,False,6,0,10
604,angiomalacia,False,6,0,12
605,lockman,False,6,0,7
606,byerlite,False,6,0,8
607,disinsulation,False,6,0,13
608,shucking,False,6,0,8
609,hyoid,False,6,0,5
610,heterosporium,False,6,0,13
611,palluites,False,6,0,9
612,polycormic,False,6,0,10
613,myrobalan,False,6,0,9
614,triterpene,False,6,0,10
615,consultation,False,6,0,12
616,cecidiology,False,6,0,11
617,orthodomatic,False,6,0,12
618,volley,False,6,0,6
619,chervil,False,6,0,7
620,subregent,False,6,0,9
621,unfeatured,False,6,0,10
622,guittonian,False,6,0,10
623,popshop,False,6,0,7
624,enflagellation,False,6,0,14
625,ramified,False,6,0,8
626,omnimodous,False,6,0,10
627,marcella,False,6,0,8
628,spiraculum,False,6,0,10
629,unsufficed,False,6,0,10
630,seedcase,False,6,0,8
631,salivan,False,6,0,7
632,interlingua,False,6,0,11
633,seedcase,False,6,0,8
634,tubik,False,6,0,5
635,unfeatured,False,6,0,10
636,combinableness,False,6,0,14
637,fragmentize,False,6,0,11
638,ermani,False,6,0,6
639,pavilion,False,6,0,8
640,aristocraticalness,False,6,0,18
641,traveldom,False,6,0,9
642,ostraciidae,False,6,0,11
643,loiteringness,False,6,0,13
644,incontinently,False,6,0,13
645,damlike,False,6,0,7
646,orthodomatic,False,6,0,12
647,deliberateness,False,6,0,14
648,deathless,False,6,0,9
649,bibliographize,False,6,0,14
650,hymenogeny,False,6,0,10
651,frostiness,False,6,0,10
652,inwick,False,6,0,6
653,barehanded,False,6,0,10
654,melonlike,False,6,0,9
655,cathodofluorescence,False,6,0,19
656,substitute,False,6,0,10
657,graphis,False,6,0,7
658,invulnerableness,False,6,0,16
659,pothook,False,6,0,7
660,dogwatch,False,6,0,8
661,echinoderma,False,6,0,11
662,eccrinology,False,6,0,11
663,grandniece,False,6,0,10
664,sowlike,False,6,0,7
665,irani,False,6,0,5
666,knit,False,6,0,4
667,incessably,False,6,0,10
668,litopterna,False,6,0,10
669,dulcification,False,6,0,13
670,pediculous,False,6,0,10
671,amblyomma,False,6,0,9
672,immanacle,False,6,0,9
673,tracheobronchitis,False,6,0,17
674,reliable,False,6,0,8
675,unfledgedness,False,6,0,13
676,columbanian,False,6,0,11
677,hypotonia,False,6,0,9
678,abigail,False,6,0,7
679,presbytia,False,6,0,9
680,breme,False,6,0,5
681,misalter,False,6,0,8
682,unbowing,False,6,0,8
683,squinting,False,6,0,9
684,disroof,False,6,0,7
685,cryptorrhetic,False,6,0,13
686,wilsomeness,False,6,0,11
687,jennifer,False,6,0,8
688,cyrtopia,False,6,0,8
689,unhesitatingly,False,6,0,14
690,struthiones,False,6,0,11
691,pyralis,False,6,0,7
692,sphericist,False,6,0,10
693,nonbotanical,False,6,0,12
694,vesicocervical,False,6,0,14
695,pollinar,False,6,0,8
696,enophthalmus,False,6,0,12
697,merychippus,False,6,0,11
698,linet,False,6,0,5
699,besottingly,False,6,0,11
700,orgiastical,False,6,0,11
701,electroosmotic,False,6,0,14
702,battik,False,6,0,6
703,sufferer,False,6,0,8
704,pelomedusidae,False,6,0,13
705,aspen,False,6,0,5
706,aseptify,False,6,0,8
707,semology,False,6,0,8
708,incessably,False,6,0,10
709,capreolate,False,6,0,10
710,carpetweed,False,6,0,10
711,sphyrnidae,False,6,0,10
712,cam,False,6,0,3
713,formerly,False,6,0,8
714,temperament,False,6,0,11
715,heder,False,6,0,5
716,arrantly,False,6,0,8
717,observandum,False,6,0,11
718,mugwumpism,False,6,0,10
719,biternate,False,6,0,9
720,recrystallization,False,6,0,17
721,ossetish,False,6,0,8
722,aedilian,False,6,0,8
723,bellpull,False,6,0,8
724,cadet,False,6,0,5
725,opianic,False,6,0,7
726,undermist,False,6,0,9
727,litopterna,False,6,0,10
728,surfacely,False,6,0,9
729,unpitiably,False,6,0,10
730,sniptious,False,6,0,9
731,issuance,False,6,0,8
732,securigera,False,6,0,10
733,placean,False,6,0,7
734,isoeugenol,False,6,0,10
735,unimpressibly,False,6,0,13
736,clave,False,6,0,5
737,unrubbish,False,6,0,9
738,enlodge,False,6,0,7
739,genys,False,6,0,5
740,amiability,False,6,0,10
741,codhead,False,6,0,7
742,cloghad,False,6,0,7
743,gigi,False,6,0,4
744,quinizarin,False,6,0,10
745,pronunciative,False,6,0,13
746,levance,False,6,0,7
747,antitwilight,False,6,0,12
748,scopidae,False,6,0,8
749,cochliodus,False,6,0,10
750,halfpenny,False,6,0,9
751,noisomeness,False,6,0,11
752,bowenite,False,6,0,8
753,semiarid,False,6,0,8
754,unbalked,False,6,0,8
755,unsufficed,False,6,0,10
756,predeterminative,False,6,0,16
757,sardanapalus,False,6,0,12
758,precation,False,6,0,9
759,orderable,False,6,0,9
760,annueler,False,6,0,8
761,regreet,False,6,0,7
762,halfpenny,False,6,0,9
763,tragicose,False,6,0,9
764,upwind,False,6,0,6
765,pomposity,False,6,0,9
766,anamnestic,False,6,0,10
767,isobarometric,False,6,0,13
768,sokoki,True,3,0,6
769,bisulphate,False,6,0,10
770,misassert,False,6,0,9
771,unracked,False,6,0,8
772,phenanthroline,False,6,0,14
773,subinform,False,6,0,9
774,applicant,False,6,0,9
775,awakening,False,6,0,9
776,postfixial,False,6,0,10
777,resistable,False,6,0,10
778,superactive,False,6,0,11
779,aspidobranchia,False,6,0,14
780,cometarium,False,6,0,10
781,underchancellor,False,6,0,15
782,rearrange,False,6,0,9
783,periconchitis,False,6,0,13
784,flocculate,False,6,0,10
785,coumarate,False,6,0,9
786,supercynical,False,6,0,12
787,desmarestiaceous,False,6,0,16
788,unnumerical,False,6,0,11
789,thereamong,False,6,0,10
790,thokish,False,6,0,7
791,benn,False,6,0,4
792,blessedness,False,6,0,11
793,underbutler,False,6,0,11
794,slavophobe,False,6,0,10
795,sketchily,False,6,0,9
796,viosterol,False,6,0,9
797,circumcorneal,False,6,0,13
798,flagellated,False,6,0,11
799,homophony,False,6,0,9
800,inaudible,False,6,0,9
801,chilean,False,6,0,7
802,cantabrian,False,6,0,10
803,royalism,False,6,0,8
804,istrian,False,6,0,7
805,oenanthylate,False,6,0,12
806,incudal,False,6,0,7
807,shapeshifter,False,6,0,12
808,paraparesis,False,6,0,11
809,punitionally,False,6,0,12
810,strychnic,False,6,0,9
811,procerebral,False,6,0,11
812,usableness,False,6,0,10
813,simia,False,6,0,5
814,inquisitorialness,False,6,0,17
815,indices,False,6,0,7
816,january,False,6,0,7
817,lory,False,6,0,4
818,ugroid,False,6,0,6
819,nonclimbable,False,6,0,12
820,unjarring,False,6,0,9
821,dravya,False,6,0,6
822,manipular,False,6,0,9
823,dodecanesian,False,6,0,12
824,isosaccharin,False,6,0,12
825,sixpenny,False,6,0,8
826,roughshod,False,6,0,9
827,orangite,False,6,0,8
828,xanthosiderite,False,6,0,14
829,benumbedness,False,6,0,12
830,obduracy,False,6,0,8
831,olympicness,False,6,0,11
832,damlike,False,6,0,7
833,countermanifesto,False,6,0,16
834,babuism,False,6,0,7
835,purplewort,False,6,0,10
836,pacificator,False,6,0,11
837,conclusional,False,6,0,12
838,unsufficed,False,6,0,10
839,corejoice,False,6,0,9
840,beplaided,False,6,0,9
841,spondylocladium,False,6,0,15
842,abhorson,False,6,0,8
843,subregent,False,6,0,9
844,coadjutator,False,6,0,11
845,subregent,False,6,0,9
846,treasonable,False,6,0,11
847,unsensory,False,6,0,9
848,zoolithic,False,6,0,9
849,hurryproof,False,6,0,10
850,ninnyish,False,6,0,8
851,sulfarsenite,False,6,0,12
852,columbanian,False,6,0,11
853,superobstinate,False,6,0,14
854,obstructingly,False,6,0,13
855,proscenium,False,6,0,10
856,strophe,False,6,0,7
857,drupelet,False,6,0,8
858,contemnibly,False,6,0,11
859,prehumiliation,False,6,0,14
860,fermentatively,False,6,0,14
861,pectase,False,6,0,7
862,phototropism,False,6,0,12
863,thowel,False,6,0,6
864,tamanowus,False,6,0,9
865,catarrhal,False,6,0,9
866,ultragrave,False,6,0,10
867,antephialtic,False,6,0,12
868,plantae,False,6,0,7
869,hoodshyness,False,6,0,11
870,unclamp,False,6,0,7
871,thatchy,False,6,0,7
872,traveldom,False,6,0,9
873,byrlawman,False,6,0,9
874,slunge,False,6,0,6
875,mailbox,False,6,0,7
876,proletarianism,False,6,0,14
877,coimplicant,False,6,0,11
878,plemyrameter,False,6,0,12
879,annueler,False,6,0,8
880,proseuche,False,6,0,9
881,hyperplasic,False,6,0,11
882,cardiomelanosis,False,6,0,15
883,sexangled,False,6,0,9
884,elementarily,False,6,0,12
885,reproachingly,False,6,0,13
886,tutoyer,False,6,0,7
887,plugdrawer,False,6,0,10
888,evangeliarium,False,6,0,13
889,paraparesis,False,6,0,11
890,organographic,False,6,0,13
891,sturdiness,False,6,0,10
892,cam,False,6,0,3
893,unresistedly,False,6,0,12
894,chaetotactic,False,6,0,12
895,microscopic,False,6,0,11
896,chilean,False,6,0,7
897,preacquit,False,6,0,9
898,toxicological,False,6,0,13
899,balanic,False,6,0,7
900,hyoid,False,6,0,5
901,cressed,False,6,0,7
902,stob,False,6,0,4
903,bavian,False,6,0,6
904,contaminant,False,6,0,11
905,sultan,False,6,0,6
906,punitionally,False,6,0,12
907,unsensory,False,6,0,9
908,asexualize,False,6,0,10
909,spiraculum,False,6,0,10
910,unsaintlike,False,6,0,11
911,gematrical,False,6,0,10
912,bulimulidae,False,6,0,11
913,repugner,False,6,0,8
914,rachialgia,False,6,0,10
915,baloskion,False,6,0,9
916,telemechanic,False,6,0,12
917,oncetta,False,6,0,7
918,preobligate,False,6,0,11
919,premisal,False,6,0,8
920,counterorator,False,6,0,13
921,wealthiness,False,6,0,11
922,revolutionist,False,6,0,13
923,articulant,False,6,0,10
924,alphabetizer,False,6,0,12
925,jynginae,False,6,0,8
926,gruelly,False,6,0,7
927,proso,False,6,0,5
928,purposiveness,False,6,0,13
929,condisciple,False,6,0,11
930,lienculus,False,6,0,9
931,unhidable,False,6,0,9
932,erinose,False,6,0,7
933,lipa,False,6,0,4
934,neuropsychological,False,6,0,18
935,eburna,False,6,0,6
936,microdentous,False,6,0,12
937,drupelet,False,6,0,8
938,amiidae,False,6,0,7
939,condisciple,False,6,0,11
940,unmoaned,False,6,0,8
941,witeless,False,6,0,8
942,mycophyte,False,6,0,9
943,ostraciidae,False,6,0,11
944,coumarate,False,6,0,9
945,ismal,False,6,0,5
946,eurite,False,6,0,6
947,zooplastic,False,6,0,10
948,geniture,False,6,0,8
949,eburna,False,6,0,6
950,reaward,False,6,0,7
951,amblyomma,False,6,0,9
952,splintery,False,6,0,9
953,coenosarcous,False,6,0,12
954,pentrough,False,6,0,9
955,condensation,False,6,0,12
956,commencer,False,6,0,9
957,capreolate,False,6,0,10
958,surfacely,False,6,0,9
959,tarea,False,6,0,5
960,deferrize,False,6,0,9
961,figshell,False,6,0,8
962,tamein,False,6,0,6
963,bisulphate,False,6,0,10
964,polyphosphoric,False,6,0,14
965,backcourt,False,6,0,9
966,hoodshyness,False,6,0,11
967,mitigatory,False,6,0,10
968,tubuliferous,False,6,0,12
969,curstful,False,6,0,8
970,equational,False,6,0,10
971,patchword,False,6,0,9
972,mallemuck,False,6,0,9
973,isoeugenol,False,6,0,10
974,spondylocladium,False,6,0,15
975,ultragrave,False,6,0,10
976,multinominal,False,6,0,12
977,ingraft,False,6,0,7
978,lim,False,6,0,3
979,diphtheroid,False,6,0,11
980,anthelion,False,6,0,9
981,inframammary,False,6,0,12
982,orgiast,False,6,0,7
983,urao,False,6,0,4
984,wrasse,False,6,0,6
985,wanty,False,6,0,5
986,mirak,False,6,0,5
987,macronutrient,False,6,0,13
988,reservor,False,6,0,8
989,flong,False,6,0,5
990,anamnestic,False,6,0,10
991,kryokonite,False,6,0,10
992,unjarring,False,6,0,9
993,unsaintlike,False,6,0,11
994,sagaie,False,6,0,6
995,jocund,False,6,0,6
996,ergotamine,False,6,0,10
997,thokish,False,6,0,7
998,deliberateness,False,6,0,14
999,damlike,False,6,0,7
1000,patchword,False,6,0,9
1001,globosely,False,6,0,9
1002,micropterus,False,6,0,11
1003,interrupted,False,6,0,11
1004,ossetine,False,6,0,8
1005,precation,False,6,0,9
1006,hartal,False,6,0,6
1007,treasurable,False,6,0,11
1008,nonsensitized,False,6,0,13
1009,vlei,False,6,0,4
1010,waird,False,6,0,5
1011,impossibility,False,6,0,13
1012,sulphopropionic,False,6,0,15
1013,cleavability,False,6,0,12
1014,antitype,False,6,0,8
1015,tubuliferous,False,6,0,12
1016,unapart,False,6,0,7
1017,dermaskeleton,False,6,0,13
1018,asymmetron,False,6,0,10
1019,chloralum,False,6,0,9
1020,cannibality,False,6,0,11
1021,shrimpfish,False,6,0,10
1022,deathless,False,6,0,9
1023,formerly,False,6,0,8
1024,cerebrocardiac,False,6,0,14
1025,contemnibly,False,6,0,11
1026,instantaneously,False,6,0,15
1027,statuecraft,False,6,0,11
1028,nephrocoele,False,6,0,11
1029,noncompetitively,False,6,0,16
1030,niggardling,False,6,0,11
1031,hawaiite,False,6,0,8
1032,purposiveness,False,6,0,13
1033,pecky,False,6,0,5
1034,unfaint,False,6,0,7
1035,splenatrophy,False,6,0,12
1036,negativer,False,6,0,9
1037,lory,False,6,0,4
1038,fratry,False,6,0,6
1039,macadamization,False,6,0,14
1040,eburna,False,6,0,6
1041,patronizable,False,6,0,12
1042,chlorine,False,6,0,8
1043,calmierer,False,6,0,9
1044,scabriusculous,False,6,0,14
1045,sender,False,6,0,6
1046,podomancy,False,6,0,9
1047,unpermitting,False,6,0,12
1048,nonsaponifiable,False,6,0,15
1049,guileless,False,6,0,9
1050,percurrent,False,6,0,10
1051,spotting,False,6,0,8
1052,lobcock,False,6,0,7
1053,psychophysical,False,6,0,14
1054,configural,False,6,0,10
1055,cyanosed,False,6,0,8
1056,oxytoluic,False,6,0,9
1057,runover,False,6,0,7
1058,sparch,False,6,0,6
1059,tuatara,False,6,0,7
1060,bushy,False,6,0,5
1061,corporator,False,6,0,10
1062,marcella,False,6,0,8
1063,cylindroid,False,6,0,10
1064,fascioliasis,False,6,0,12
1065,fratry,False,6,0,6
1066,peonage,False,6,0,7
1067,scopidae,False,6,0,8
1068,bichromate,False,6,0,10
1069,submarshal,False,6,0,10
1070,octandria,False,6,0,9
1071,shockingly,False,6,0,10
1072,pollucite,False,6,0,9
1073,agelacrinitidae,False,6,0,15
1074,latterness,False,6,0,10
1075,backchat,False,6,0,8
1076,cathodofluorescence,False,6,0,19
1077,commencer,False,6,0,9
1078,vives,False,6,0,5
1079,cecidiology,False,6,0,11
1080,footmaker,False,6,0,9
1081,watchmanship,False,6,0,12
1082,cometarium,False,6,0,10
1083,utriculoplastic,False,6,0,15
1084,spotting,False,6,0,8
1085,perorator,False,6,0,9
1086,haemoconcentration,False,6,0,18
1087,anastate,False,6,0,8
1088,coumarate,False,6,0,9
1089,maimedness,False,6,0,10
1090,mincer,False,6,0,6
1091,corps,False,6,0,5
1092,homophony,False,6,0,9
1093,tinamine,False,6,0,8
1094,cyrtopia,False,6,0,8
1095,barraclade,False,6,0,10
1096,ko,True,5,0,2
1097,paulinia,False,6,0,8
1098,bleakly,False,6,0,7
1099,carpetweed,False,6,0,10
1100,conferruminate,False,6,0,14
1101,clipei,False,6,0,6
1102,jarvey,False,6,0,6
1103,academite,False,6,0,9
1104,cerebrocardiac,False,6,0,14
1105,unyouthful,False,6,0,10
1106,magnanimity,False,6,0,11
1107,anathematization,False,6,0,16
1108,stupe,False,6,0,5
1109,observandum,False,6,0,11
1110,slinkiness,False,6,0,10
1111,dinghee,False,6,0,7
1112,brachyglossal,False,6,0,13
1113,cometarium,False,6,0,10
1114,carposperm,False,6,0,10
1115,classified,False,6,0,10
1116,spatterdock,False,6,0,11
1117,tryphosa,False,6,0,8
1118,unmoaned,False,6,0,8
1119,upvomit,False,6,0,7
1120,advocatory,False,6,0,10
1121,metastyle,False,6,0,9
1122,reaggregation,False,6,0,13
1123,draggy,False,6,0,6
1124,begarnish,False,6,0,9
1125,linet,False,6,0,5
1126,benn,False,6,0,4
1127,nance,False,6,0,5
1128,ceratospongian,False,6,0,14
1129,unjarring,False,6,0,9
1130,cardiomelanosis,False,6,0,15
1131,antephialtic,False,6,0,12
1132,preinvent,False,6,0,9
1133,shellum,False,6,0,7
1134,progressor,False,6,0,10
1135,taxidea,False,6,0,7
1136,thereamong,False,6,0,10
1137,capacity,False,6,0,8
1138,suppositionally,False,6,0,15
1139,thinglet,False,6,0,8
1140,verpa,False,6,0,5
1141,masty,False,6,0,5
1142,melonlike,False,6,0,9
1143,garniec,False,6,0,7
1144,superobjection,False,6,0,14
1145,ruling,False,6,0,6
1146,stakemaster,False,6,0,11
1147,superstitionless,False,6,0,16
1148,measly,False,6,0,6
1149,stunpoll,False,6,0,8
1150,continuativeness,False,6,0,16
1151,diamondwise,False,6,0,11
1152,viperina,False,6,0,8
1153,obvolve,False,6,0,7
1154,cardiomelanosis,False,6,0,15
1155,lenitiveness,False,6,0,12
1156,brolga,False,6,0,6
1157,preaffiliation,False,6,0,14
1158,craniopharyngeal,False,6,0,16
1159,patronizable,False,6,0,12
1160,derived,False,6,0,7
1161,adenia,False,6,0,6
1162,unperilous,False,6,0,10
1163,trumph,False,6,0,6
1164,microscopic,False,6,0,11
1165,reticello,False,6,0,9
1166,taintproof,False,6,0,10
1167,unphysicked,False,6,0,11
1168,archae,False,6,0,6
1169,barraclade,False,6,0,10
1170,gozell,False,6,0,6
1171,physiqued,False,6,0,9
1172,reascendant,False,6,0,11
1173,conferruminate,False,6,0,14
1174,stirring,False,6,0,8
1175,hemometry,False,6,0,9
1176,denazify,False,6,0,8
1177,accendibility,False,6,0,13
1178,tryphosa,False,6,0,8
1179,costophrenic,False,6,0,12
1180,duskiness,False,6,0,9
1181,torricellian,False,6,0,12
1182,subinform,False,6,0,9
1183,incompensation,False,6,0,14
1184,prehumiliation,False,6,0,14
1185,circumhorizontal,False,6,0,16
1186,deglaciation,False,6,0,12
1187,dragging,False,6,0,8
1188,anathematization,False,6,0,16
1189,combinableness,False,6,0,14
1190,colalgia,False,6,0,8
1191,testatum,False,6,0,8
1192,vaporiferous,False,6,0,12
1193,asteriated,False,6,0,10
1194,chairless,False,6,0,9
1195,fermentatively,False,6,0,14
1196,unslumbrous,False,6,0,11
1197,subtrigonal,False,6,0,11
1198,sufferer,False,6,0,8
1199,unplacid,False,6,0,8
1200,unilabiate,False,6,0,10
1201,login,False,6,0,5
1202,keest,False,6,0,5
1203,jinni,False,6,0,5
1204,deparliament,False,6,0,12
1205,dipsey,False,6,0,6
1206,superstitionless,False,6,0,16
1207,microglossia,False,6,0,12
1208,tyleberry,False,6,0,9
1209,ineducable,False,6,0,10
1210,swainishness,False,6,0,12
1211,statuecraft,False,6,0,11
1212,scimitar,False,6,0,8
1213,carotinemia,False,6,0,11
1214,circumumbilical,False,6,0,15
1215,unguled,False,6,0,7
1216,clutchman,False,6,0,9
1217,parapegma,False,6,0,9
1218,unclamp,False,6,0,7
1219,backchat,False,6,0,8
1220,basidia,False,6,0,7
1221,cathodography,False,6,0,13
1222,samson,False,6,0,6
1223,placean,False,6,0,7
1224,maimedness,False,6,0,10
1225,tore,False,6,0,4
1226,reaggregation,False,6,0,13
1227,cheka,False,6,0,5
1228,blossomy,False,6,0,8
1229,screw,False,6,0,5
1230,ustilago,False,6,0,8
1231,electroculture,False,6,0,14
1232,schorlaceous,False,6,0,12
1233,marmar,False,6,0,6
1234,resinophore,False,6,0,11
1235,pirrmaw,False,6,0,7
1236,xiphiidae,False,6,0,9
1237,corrosively,False,6,0,11
1238,dentistical,False,6,0,11
1239,postfixial,False,6,0,10
1240,equilibrium,False,6,0,11
1241,unghostlike,False,6,0,11
1242,sesti,False,6,0,5
1243,phylogerontism,False,6,0,14
1244,gaviiformes,False,6,0,11
1245,overjob,False,6,0,7
1246,anopluriform,False,6,0,12
1247,fast,False,6,0,4
1248,apoembryony,False,6,0,11
1249,perjuriousness,False,6,0,14
1250,purposivistic,False,6,0,13
1251,orderable,False,6,0,9
1252,janet,False,6,0,5
1253,monistical,False,6,0,10
1254,substitute,False,6,0,10
1255,ruling,False,6,0,6
1256,recalibration,False,6,0,13
1257,cloudlessness,False,6,0,13
1258,cantabrian,False,6,0,10
1259,parode,False,6,0,6
1260,acronymic,False,6,0,9
1261,microdentous,False,6,0,12
1262,aberration,False,6,0,10
1263,reaward,False,6,0,7
1264,enaliosaur,False,6,0,10
1265,underwent,False,6,0,9
1266,zati,False,6,0,4
1267,imbirussu,False,6,0,9
1268,prehensible,False,6,0,11
1269,tamanowus,False,6,0,9
1270,tzotzil,False,6,0,7
1271,pecky,False,6,0,5
1272,ensue,False,6,0,5
1273,misassert,False,6,0,9
1274,louvered,False,6,0,8
1275,troveless,False,6,0,9
1276,footmaker,False,6,0,9
1277,bitterbark,False,6,0,10
1278,zoolithic,False,6,0,9
1279,nonblameless,False,6,0,12
1280,jugerum,False,6,0,7
1281,morganatic,False,6,0,10
1282,treatee,False,6,0,7
1283,underwent,False,6,0,9
1284,visitation,False,6,0,10
1285,camestres,False,6,0,9
1286,morrowtide,False,6,0,10
1287,pothook,False,6,0,7
1288,dactylioglyphtic,False,6,0,16
1289,anaconda,False,6,0,8
1290,faunally,False,6,0,8
1291,nonclimbable,False,6,0,12
1292,olcha,False,6,0,5
1293,frostiness,False,6,0,10
1294,malacophonous,False,6,0,13
1295,eumeromorphic,False,6,0,13
1296,drate,False,6,0,5
1297,proso,False,6,0,5
1298,unfeatured,False,6,0,10
1299,jisheng,False,6,0,7
1300,saltimbankery,False,6,0,13
1301,isandrous,False,6,0,9
1302,undertide,False,6,0,9
1303,beruffed,False,6,0,8
1304,rearrange,False,6,0,9
1305,bibliographize,False,6,0,14
1306,nitrolime,False,6,0,9
1307,coadjutator,False,6,0,11
1308,delft,False,6,0,5
1309,plical,False,6,0,6
1310,twatchel,False,6,0,8
1311,preheat,False,6,0,7
1312,oxyether,False,6,0,8
1313,guttering,False,6,0,9
1314,astray,False,6,0,6
1315,deglaciation,False,6,0,12
1316,cam,False,6,0,3
1317,allopathist,False,6,0,11
1318,molassy,False,6,0,7
1319,parathion,False,6,0,9
1320,ionidium,False,6,0,8
1321,serpulid,False,6,0,8
1322,ropedancing,False,6,0,11
1323,whatreck,False,6,0,8
1324,hyalophagia,False,6,0,11
1325,hemometry,False,6,0,9
1326,enaliosaur,False,6,0,10
1327,academite,False,6,0,9
1328,untransacted,False,6,0,12
1329,eurite,False,6,0,6
1330,stakemaster,False,6,0,11
1331,iridectomy,False,6,0,10
1332,sufferer,False,6,0,8
1333,galeproof,False,6,0,9
1334,micropterus,False,6,0,11
1335,microcrystallogeny,False,6,0,18
1336,coyoting,False,6,0,8
1337,mesolabe,False,6,0,8
1338,unqualified,False,6,0,11
1339,ripieno,False,6,0,7
1340,superobjection,False,6,0,14
1341,ustilago,False,6,0,8
1342,telemeter,False,6,0,9
1343,waird,False,6,0,5
1344,unembarrassment,False,6,0,15
1345,myrobalan,False,6,0,9
1346,sender,False,6,0,6
1347,thermoperiodicity,False,6,0,17
1348,laceleaf,False,6,0,8
1349,substitute,False,6,0,10
1350,exterraneous,False,6,0,12
1351,fucate,False,6,0,6
1352,railbird,False,6,0,8
1353,samson,False,6,0,6
1354,genyophrynidae,False,6,0,14
1355,palaverment,False,6,0,11
1356,underaverage,False,6,0,12
1357,rebaptize,False,6,0,9
1358,abatua,False,6,0,6
1359,thermoperiodicity,False,6,0,17
1360,dykereeve,False,6,0,9
1361,turningness,False,6,0,11
1362,pilori,False,6,0,6
1363,dressmakery,False,6,0,11
1364,aggrievedly,False,6,0,11
1365,theroid,False,6,0,7
1366,larithmics,False,6,0,10
1367,snivy,False,6,0,5
1368,quantify,False,6,0,8
1369,substitutionally,False,6,0,16
1370,cochlear,False,6,0,8
1371,cerebropedal,False,6,0,12
1372,rebenediction,False,6,0,13
1373,microcrystallogeny,False,6,0,18
1374,quaternity,False,6,0,10
1375,undernatural,False,6,0,12
1376,intervisit,False,6,0,10
1377,prefreshman,False,6,0,11
1378,heptahedron,False,6,0,11
1379,stanley,False,6,0,7
1380,bequeathable,False,6,0,12
1381,scoter,False,6,0,6
1382,illegitimatize,False,6,0,14
1383,amblyomma,False,6,0,9
1384,bugleweed,False,6,0,9
1385,perorator,False,6,0,9
1386,hydrophyton,False,6,0,11
1387,spatterdock,False,6,0,11
1388,instructively,False,6,0,13
1389,uncapably,False,6,0,9
1390,circumhorizontal,False,6,0,16
1391,specialness,False,6,0,11
1392,scoter,False,6,0,6
1393,myelalgia,False,6,0,9
1394,preaffiliation,False,6,0,14
1395,placean,False,6,0,7
1396,bar,False,6,0,3
1397,evincive,False,6,0,8
1398,cozily,False,6,0,6
1399,tenontomyoplasty,False,6,0,16
1400,gastrolatrous,False,6,0,13
1401,ermani,False,6,0,6
1402,diaphaneity,False,6,0,11
1403,chilicothe,False,6,0,10
1404,memoir,False,6,0,6
1405,pedological,False,6,0,11
1406,commencer,False,6,0,9
1407,craniopharyngeal,False,6,0,16
1408,carboy,False,6,0,6
1409,contemnibly,False,6,0,11
1410,antitwilight,False,6,0,12
1411,schistosoma,False,6,0,11
1412,unhesitatingly,False,6,0,14
1413,unbuoyed,False,6,0,8
1414,embrocate,False,6,0,9
1415,morrowtide,False,6,0,10
1416,frecklish,False,6,0,9
1417,underlife,False,6,0,9
1418,heterofermentative,False,6,0,18
1419,ectoblast,False,6,0,9
1420,megalomelia,False,6,0,11
1421,sedition,False,6,0,8
1422,presurvey,False,6,0,9
1423,backchat,False,6,0,8
1424,industrious,False,6,0,11
1425,boryl,False,6,0,5
1426,lactucin,False,6,0,8
1427,blossomy,False,6,0,8
1428,genal,False,6,0,5
1429,physiqued,False,6,0,9
1430,undeliberative,False,6,0,14
1431,granddaughterly,False,6,0,15
1432,rachialgia,False,6,0,10
1433,playground,False,6,0,10
1434,mellisugent,False,6,0,11
1435,directional,False,6,0,11
1436,circumcorneal,False,6,0,13
1437,sekani,False,6,0,6
1438,obpyriform,False,6,0,10
1439,topectomy,False,6,0,9
1440,unspayed,False,6,0,8
1441,planktologist,False,6,0,13
1442,coimplicant,False,6,0,11
1443,tanghan,False,6,0,7
1444,photoreception,False,6,0,14
1445,regulus,False,6,0,7
1446,abatua,False,6,0,6
1447,groset,False,6,0,6
1448,diphtheroid,False,6,0,11
1449,presumptuousness,False,6,0,16
1450,preponderation,False,6,0,14
1451,puffery,False,6,0,7
1452,forsakenly,False,6,0,10
1453,prioracy,False,6,0,8
1454,ustilago,False,6,0,8
1455,unclotted,False,6,0,9
1456,mincer,False,6,0,6
1457,therapist,False,6,0,9
1458,kaid,False,6,0,4
1459,fruitarianism,False,6,0,13
1460,carcinolytic,False,6,0,12
1461,vaginoabdominal,False,6,0,15
1462,metastyle,False,6,0,9
1463,labyrinth,False,6,0,9
1464,unstick,False,6,0,7
1465,beaverette,False,6,0,10
1466,strafer,False,6,0,7
1467,hydrophyton,False,6,0,11
1468,tamanowus,False,6,0,9
1469,camestres,False,6,0,9
1470,instantaneously,False,6,0,15
1471,nonpsychological,False,6,0,16
1472,deconcatenate,False,6,0,13
1473,clathrinidae,False,6,0,12
1474,xanthydrol,False,6,0,10
1475,suppositionally,False,6,0,15
1476,aspen,False,6,0,5
1477,mulattress,False,6,0,10
1478,impeccant,False,6,0,9
1479,polinices,False,6,0,9
1480,megalomelia,False,6,0,11
1481,volumometrical,False,6,0,14
1482,isosaccharin,False,6,0,12
1483,shoother,False,6,0,8
1484,hydrophyton,False,6,0,11
1485,incurability,False,6,0,12
1486,unfallible,False,6,0,10
1487,greengrocery,False,6,0,12
1488,elodea,False,6,0,6
1489,danielle,False,6,0,8
1490,helios,False,6,0,6
1491,trigram,False,6,0,7
1492,scimitar,False,6,0,8
1493,chili,False,6,0,5
1494,anhungry,False,6,0,8
1495,bichromate,False,6,0,10
1496,amalgamate,False,6,0,10
1497,annueler,False,6,0,8
1498,bibliographize,False,6,0,14
1499,roughshod,False,6,0,9
1500,uranophotography,False,6,0,16
1501,whatreck,False,6,0,8
1502,prehydration,False,6,0,12
1503,grandniece,False,6,0,10
1504,unglosed,False,6,0,8
1505,maxillojugal,False,6,0,12
1506,unoffendable,False,6,0,12
1507,paola,False,6,0,5
1508,paintedness,False,6,0,11
1509,drivage,False,6,0,7
1510,timberland,False,6,0,10
1511,dolorific,False,6,0,9
1512,molding,False,6,0,7
1513,glaucium,False,6,0,8
1514,mungy,False,6,0,5
1515,denotement,False,6,0,10
1516,timekeepership,False,6,0,14
1517,maspiter,False,6,0,8
1518,disproportionally,False,6,0,17
1519,commorant,False,6,0,9
1520,corps,False,6,0,5
1521,untransacted,False,6,0,12
1522,unfledgedness,False,6,0,13
1523,wilsomeness,False,6,0,11
1524,portraitlike,False,6,0,12
1525,armchaired,False,6,0,10
1526,incurability,False,6,0,12
1527,reinvestigate,False,6,0,13
1528,reproachingly,False,6,0,13
1529,asperges,False,6,0,8
1530,benzamido,False,6,0,9
1531,unwitch,False,6,0,7
1532,electroosmotic,False,6,0,14
1533,cumbu,False,6,0,5
1534,tenontomyoplasty,False,6,0,16
1535,jisheng,False,6,0,7
1536,homolysin,False,6,0,9
1537,evangeliarium,False,6,0,13
1538,hydrazide,False,6,0,9
1539,gozell,False,6,0,6
1540,ambassadress,False,6,0,12
1541,preheat,False,6,0,7
1542,lamantin,False,6,0,8
1543,moldableness,False,6,0,12
1544,bemole,False,6,0,6
1545,chaetotactic,False,6,0,12
1546,noisomeness,False,6,0,11
1547,pupuluca,False,6,0,8
1548,coadjutator,False,6,0,11
1549,preindebtedness,False,6,0,15
1550,unforgiven,False,6,0,10
1551,genys,False,6,0,5
1552,simia,False,6,0,5
1553,shutter,False,6,0,7
1554,homolysin,False,6,0,9
1555,adiposuria,False,6,0,10
1556,releasable,False,6,0,10
1557,phascogale,False,6,0,10
1558,sexangled,False,6,0,9
1559,apoembryony,False,6,0,11
1560,microglossia,False,6,0,12
1561,daincha,False,6,0,7
1562,evidentiary,False,6,0,11
1563,faburden,False,6,0,8
1564,pennate,False,6,0,7
1565,specialness,False,6,0,11
1566,pectase,False,6,0,7
1567,teasel,False,6,0,6
1568,fernbird,False,6,0,8
1569,merychippus,False,6,0,11
1570,dressmakery,False,6,0,11
1571,wanty,False,6,0,5
1572,juniority,False,6,0,9
1573,rhythmless,False,6,0,10
1574,rebuffably,False,6,0,10
1575,erigeron,False,6,0,8
1576,entosphere,False,6,0,10
1577,imbirussu,False,6,0,9
1578,sekani,False,6,0,6
1579,tornillo,False,6,0,8
1580,cagn,False,6,0,4
1581,adenophyma,False,6,0,10
1582,therapist,False,6,0,9
1583,disclimax,False,6,0,9
1584,lenitiveness,False,6,0,12
1585,corporator,False,6,0,10
1586,squabbed,False,6,0,8
1587,coimplicant,False,6,0,11
1588,unfrosty,False,6,0,8
1589,orange,False,6,0,6
1590,unimpressionability,False,6,0,19
1591,nonacosane,False,6,0,10
1592,tonelessly,False,6,0,10
1593,cacumination,False,6,0,12
1594,unbiasable,False,6,0,10
1595,analysis,False,6,0,8
1596,disgustful,False,6,0,10
1597,geniolatry,False,6,0,10
1598,vanadiate,False,6,0,9
1599,cannibality,False,6,0,11
1600,atrichosis,False,6,0,10
1601,stob,False,6,0,4
1602,carboy,False,6,0,6
1603,clave,False,6,0,5
1604,keerogue,False,6,0,8
1605,wanty,False,6,0,5
1606,tolylenediamine,False,6,0,15
1607,papilioninae,False,6,0,12
1608,plantae,False,6,0,7
1609,nonstatistical,False,6,0,14
1610,sigmund,False,6,0,7
1611,sufferableness,False,6,0,14
1612,prejudicative,False,6,0,13
1613,pothook,False,6,0,7
1614,nonthinker,False,6,0,10
1615,invulnerableness,False,6,0,16
1616,apprehensibility,False,6,0,16
1617,alalite,False,6,0,7
1618,guilelessness,False,6,0,13
1619,spinipetal,False,6,0,10
1620,benzamido,False,6,0,9
1621,myodynamiometer,False,6,0,15
1622,neognathae,False,6,0,10
1623,dynagraph,False,6,0,9
1624,zooplastic,False,6,0,10
1625,nance,False,6,0,5
1626,railbird,False,6,0,8
1627,ophiolite,False,6,0,9
1628,uncapably,False,6,0,9
1629,unadvantageous,False,6,0,14
1630,tryphosa,False,6,0,8
1631,ichthyophobia,False,6,0,13
1632,caber,False,6,0,5
1633,renunciator,False,6,0,11
1634,disinsulation,False,6,0,13
1635,fusilier,False,6,0,8
1636,tyronism,False,6,0,8
1637,heiresshood,False,6,0,11
1638,tarea,False,6,0,5
1639,accumulation,False,6,0,12
1640,prolongably,False,6,0,11
1641,corporator,False,6,0,10
1642,orthodomatic,False,6,0,12
1643,persistively,False,6,0,12
1644,perendinant,False,6,0,11
1645,portraitlike,False,6,0,12
1646,lamantin,False,6,0,8
1647,jarvey,False,6,0,6
1648,lipa,False,6,0,4
1649,theologicopolitical,False,6,0,19
1650,underbear,False,6,0,9
1651,propliopithecus,False,6,0,15
1652,telemechanic,False,6,0,12
1653,purposiveness,False,6,0,13
1654,apollonia,False,6,0,9
1655,rachitome,False,6,0,9
1656,monogenist,False,6,0,10
1657,unfrosty,False,6,0,8
1658,loaf,False,6,0,4
1659,roquelaure,False,6,0,10
1660,colander,False,6,0,8
1661,monodynamism,False,6,0,12
1662,accentuator,False,6,0,11
1663,jinni,False,6,0,5
1664,antitwilight,False,6,0,12
1665,vaginoabdominal,False,6,0,15
1666,malacophonous,False,6,0,13
1667,witeless,False,6,0,8
1668,unhidable,False,6,0,9
1669,snerp,False,6,0,5
1670,atrichosis,False,6,0,10
1671,maspiter,False,6,0,8
1672,unhesitatingly,False,6,0,14
1673,carbuncle,False,6,0,9
1674,reliable,False,6,0,8
1675,wottest,False,6,0,7
1676,middorsal,False,6,0,9
1677,immanacle,False,6,0,9
1678,unrightful,False,6,0,10
1679,microdentous,False,6,0,12
1680,niggardling,False,6,0,11
1681,lacing,False,6,0,6
1682,astrocaryum,False,6,0,11
1683,battalion,False,6,0,9
1684,gadroon,False,6,0,7
1685,uncramp,False,6,0,7
1686,cherishing,False,6,0,10
1687,semisubterranean,False,6,0,16
1688,corrosively,False,6,0,11
1689,reformingly,False,6,0,11
1690,omnipercipient,False,6,0,14
1691,cagn,False,6,0,4
1692,pulsimeter,False,6,0,10
1693,perjuriousness,False,6,0,14
1694,deglaciation,False,6,0,12
1695,eva,False,6,0,3
1696,influxable,False,6,0,10
1697,acicularly,False,6,0,10
1698,spasmatical,False,6,0,11
1699,apoembryony,False,6,0,11
1700,thatchy,False,6,0,7
1701,oxane,False,6,0,5
1702,semisubterranean,False,6,0,16
1703,velo,False,6,0,4
1704,carpetweed,False,6,0,10
1705,spiraculum,False,6,0,10
1706,harshweed,False,6,0,9
1707,vaginoabdominal,False,6,0,15
1708,undazzling,False,6,0,10
1709,affinitatively,False,6,0,14
1710,unwetted,False,6,0,8
1711,reaward,False,6,0,7
1712,groaning,False,6,0,8
1713,cressed,False,6,0,7
1714,odeum,False,6,0,5
1715,olcha,False,6,0,5
1716,proximal,False,6,0,8
1717,vanadiate,False,6,0,9
1718,camestres,False,6,0,9
1719,echinoderma,False,6,0,11
1720,impossibility,False,6,0,13
1721,overboldly,False,6,0,10
1722,plantae,False,6,0,7
1723,tolylenediamine,False,6,0,15
1724,marcellian,False,6,0,10
1725,multipersonal,False,6,0,13
1726,adiposuria,False,6,0,10
1727,annotatory,False,6,0,10
1728,geniture,False,6,0,8
1729,tallote,False,6,0,7
1730,knit,False,6,0,4
1731,despotic,False,6,0,8
1732,rendrock,False,6,0,8
1733,nassau,False,6,0,6
1734,kaid,False,6,0,4
1735,mulattress,False,6,0,10
1736,schorlaceous,False,6,0,12
1737,bugleweed,False,6,0,9
1738,kaid,False,6,0,4
1739,fluoborid,False,6,0,9
1740,verpa,False,6,0,5
1741,warbled,False,6,0,7
1742,spotting,False,6,0,8
1743,immunogenic,False,6,0,11
1744,slunge,False,6,0,6
1745,magnanimity,False,6,0,11
1746,evincive,False,6,0,8
1747,preadministrative,False,6,0,17
1748,respondency,False,6,0,11
1749,structural,False,6,0,10
1750,amphichrom,False,6,0,10
1751,verpa,False,6,0,5
1752,verpa,False,6,0,5
1753,swainishness,False,6,0,12
1754,stereobatic,False,6,0,11
1755,infinitarily,False,6,0,12
1756,overchidden,False,6,0,11
1757,tolylenediamine,False,6,0,15
1758,cephalanthous,False,6,0,13
1759,wiglet,False,6,0,6
1760,minisher,False,6,0,8
1761,sward,False,6,0,5
1762,pelisse,False,6,0,7
1763,reproachingly,False,6,0,13
1764,articulant,False,6,0,10
1765,genesiology,False,6,0,11
1766,veratrinize,False,6,0,11
1767,nance,False,6,0,5
1768,sleechy,False,6,0,7
1769,sibilatingly,False,6,0,12
1770,fermentatively,False,6,0,14
1771,zain,False,6,0,4
1772,juxtatropical,False,6,0,13
1773,splintery,False,6,0,9
1774,heiresshood,False,6,0,11
1775,silicofluoric,False,6,0,13
1776,corin,False,6,0,5
1777,pinacoceras,False,6,0,11
1778,daff,False,6,0,4
1779,supercynical,False,6,0,12
1780,postfixial,False,6,0,10
1781,pauropodous,False,6,0,11
1782,tallote,False,6,0,7
1783,sialozemia,False,6,0,10
1784,anchises,False,6,0,8
1785,glossographer,False,6,0,13
1786,sculptress,False,6,0,10
1787,circumhorizontal,False,6,0,16
1788,detrimentally,False,6,0,13
1789,congoleum,False,6,0,9
1790,ecorticate,False,6,0,10
1791,plical,False,6,0,6
1792,aedilian,False,6,0,8
1793,dishwiping,False,6,0,10
1794,gravimetrical,False,6,0,13
1795,mesolabe,False,6,0,8
1796,foredispose,False,6,0,11
1797,babyfied,False,6,0,8
1798,shucking,False,6,0,8
1799,ornithoptera,False,6,0,12
1800,phototropism,False,6,0,12
1801,tonelessly,False,6,0,10
1802,illustratory,False,6,0,12
1803,leanness,False,6,0,8
1804,federal,False,6,0,7
1805,cobus,False,6,0,5
1806,swainishness,False,6,0,12
1807,amphipleura,False,6,0,11
1808,oenanthylate,False,6,0,12
1809,quaternity,False,6,0,10
1810,reinvestigate,False,6,0,13
1811,daff,False,6,0,4
1812,amphichrom,False,6,0,10
1813,unfasten,False,6,0,8
1814,fratry,False,6,0,6
1815,antiseption,False,6,0,11
1816,quantify,False,6,0,8
1817,spinigrade,False,6,0,10
1818,cressed,False,6,0,7
1819,retrace,False,6,0,7
1820,structural,False,6,0,10
1821,sam,False,6,0,3
1822,unperilous,False,6,0,10
1823,squeaky,False,6,0,7
1824,bitterbark,False,6,0,10
1825,asymmetron,False,6,0,10
1826,timbromaniac,False,6,0,12
1827,trapping,False,6,0,8
1828,undertide,False,6,0,9
1829,speleology,False,6,0,10
1830,invulnerableness,False,6,0,16
1831,plical,False,6,0,6
1832,sufferer,False,6,0,8
1833,drate,False,6,0,5
1834,deaminase,False,6,0,9
1835,primrosy,False,6,0,8
1836,dactylioglyphtic,False,6,0,16
1837,reinvestigate,False,6,0,13
1838,uncuffed,False,6,0,8
1839,abigail,False,6,0,7
1840,palaeosophy,False,6,0,11
1841,nonillionth,False,6,0,11
1842,hadbot,False,6,0,6
1843,physiqued,False,6,0,9
1844,blunthearted,False,6,0,12
1845,overminutely,False,6,0,12
1846,unbalked,False,6,0,8
1847,draggy,False,6,0,6
1848,neognathae,False,6,0,10
1849,criminalness,False,6,0,12
1850,populicide,False,6,0,10
1851,caumatic,False,6,0,8
1852,disilicane,False,6,0,10
1853,ricinolein,False,6,0,10
1854,superobjection,False,6,0,14
1855,overtness,False,6,0,9
1856,banewort,False,6,0,8
1857,orchidalgia,False,6,0,11
1858,fast,False,6,0,4
1859,bloodshedding,False,6,0,13
1860,antisyndicalist,False,6,0,15
1861,underlife,False,6,0,9
1862,labioalveolar,False,6,0,13
1863,anopluriform,False,6,0,12
1864,capability,False,6,0,10
1865,orangite,False,6,0,8
1866,parallelotropism,False,6,0,16
1867,roughshod,False,6,0,9
1868,leaderless,False,6,0,10
1869,annotatory,False,6,0,10
1870,remonstratively,False,6,0,15
1871,frivolity,False,6,0,9
1872,plantaginaceous,False,6,0,15
1873,tuatara,False,6,0,7
1874,beplaided,False,6,0,9
1875,cam,False,6,0,3
1876,unrebel,False,6,0,7
1877,zafree,False,6,0,6
1878,nemertini,False,6,0,9
1879,substrate,False,6,0,9
1880,jusquaboutist,False,6,0,13
1881,disclimax,False,6,0,9
1882,hypothesizer,False,6,0,12
1883,faunally,False,6,0,8
1884,correa,False,6,0,6
1885,cacodaemonial,False,6,0,13
1886,waterboard,False,6,0,10
1887,presternum,False,6,0,10
1888,babyfied,False,6,0,8
1889,treasonable,False,6,0,11
1890,unforgiven,False,6,0,10
1891,deliberateness,False,6,0,14
1892,enophthalmus,False,6,0,12
1893,polycormic,False,6,0,10
1894,sabazianism,False,6,0,11
1895,revolutionist,False,6,0,13
1896,ecorticate,False,6,0,10
1897,enaliosaur,False,6,0,10
1898,mesolabe,False,6,0,8
1899,musculofibrous,False,6,0,14
1900,dolorific,False,6,0,9
1901,tzotzil,False,6,0,7
1902,magnetometric,False,6,0,13
1903,sniptious,False,6,0,9
1904,formerly,False,6,0,8
1905,linet,False,6,0,5
1906,nonbotanical,False,6,0,12
1907,ceroplast,False,6,0,9
1908,beplaided,False,6,0,9
1909,photoengraving,False,6,0,14
1910,matral,False,6,0,6
1911,eulamellibranchia,False,6,0,17
1912,eulamellibranchia,False,6,0,17
1913,unslumbrous,False,6,0,11
1914,hartal,False,6,0,6
1915,groset,False,6,0,6
1916,beplaided,False,6,0,9
1917,cherishing,False,6,0,10
1918,doublelunged,False,6,0,12
1919,haemoconcentration,False,6,0,18
1920,trolly,False,6,0,6
1921,amphichrom,False,6,0,10
1922,shockingly,False,6,0,10
1923,gaelicist,False,6,0,9
1924,disilicane,False,6,0,10
1925,monophagism,False,6,0,11
1926,proteaceous,False,6,0,11
1927,grammarless,False,6,0,11
1928,pronpl,False,6,0,6
1929,serpulid,False,6,0,8
1930,mask,False,6,0,4
1931,malacophonous,False,6,0,13
1932,platinocyanic,False,6,0,13
1933,nonparasitic,False,6,0,12
1934,expellee,False,6,0,8
1935,reformingly,False,6,0,11
1936,inexpressively,False,6,0,14
1937,overslavish,False,6,0,11
1938,electroosmotic,False,6,0,14
1939,homoplasis,False,6,0,10
1940,succedaneous,False,6,0,12
1941,istoke,False,6,0,6
1942,cumbu,False,6,0,5
1943,antemarital,False,6,0,11
1944,sleechy,False,6,0,7
1945,choriamb,False,6,0,8
1946,unilabiate,False,6,0,10
1947,cameography,False,6,0,11
1948,bassoon,False,6,0,7
1949,unjarring,False,6,0,9
1950,unsaintlike,False,6,0,11
1951,sturdiness,False,6,0,10
1952,hoverly,False,6,0,7
1953,myelalgia,False,6,0,9
1954,pelotherapy,False,6,0,11
1955,ceratospongian,False,6,0,14
1956,barraclade,False,6,0,10
1957,aggregator,False,6,0,10
1958,nonthinker,False,6,0,10
1959,cathartolinum,False,6,0,13
1960,euthyneura,False,6,0,10
1961,jobmonger,False,6,0,9
1962,agelacrinitidae,False,6,0,15
1963,lindane,False,6,0,7
1964,sparch,False,6,0,6
1965,actability,False,6,0,10
1966,clogmaker,False,6,0,9
1967,channelize,False,6,0,10
1968,interrupted,False,6,0,11
1969,carposperm,False,6,0,10
1970,footmaker,False,6,0,9
1971,ingraft,False,6,0,7
1972,chaetotactic,False,6,0,12
1973,dosa,False,6,0,4
1974,betroth,False,6,0,7
1975,unforwarded,False,6,0,11
1976,twatchel,False,6,0,8
1977,snowk,False,6,0,5
1978,electroosmotic,False,6,0,14
1979,indices,False,6,0,7
1980,delightingly,False,6,0,12
1981,phobos,False,6,0,6
1982,anchises,False,6,0,8
1983,recruitment,False,6,0,11
1984,deathless,False,6,0,9
1985,protection,False,6,0,10
1986,lubricational,False,6,0,13
1987,tutoyer,False,6,0,7
1988,gasless,False,6,0,7
1989,haemoconcentration,False,6,0,18
1990,garniec,False,6,0,7
1991,wisecrack,False,6,0,9
1992,armchaired,False,6,0,10
1993,unoffendable,False,6,0,12
1994,heinousness,False,6,0,11
1995,recook,False,6,0,6
1996,propliopithecus,False,6,0,15
1997,octonarius,False,6,0,10
1998,sniptious,False,6,0,9
1999,psychophysical,False,6,0,14
2000,bavian,False,6,0,6
